{"cameraMode":{"drawMode":0,"name":"Shaded","section":"Shading Mode"},"sceneLighting":true,"audioPlay":false,"sceneViewState":{"m_AlwaysRefresh":false,"showFog":true,"showSkybox":true,"showFlares":true,"showImageEffects":true,"showParticleSystems":true,"showVisualEffectGraphs":true,"m_FxEnabled":true},"in2DMode":false,"pivot":{"x":662.2540283203125,"y":338.7275695800781,"z":531.4747314453125},"rotation":{"x":-0.0018104269402101637,"y":-0.0024028427433222534,"z":0.000004235207143210573,"w":-1.000002145767212},"size":887.4718627929688,"orthographic":false}